open_time,open,high,low,close,volume,close_time,quote_volume,count,taker_buy_volume,taker_buy_quote_volume,ignore
1643673600000,38439.04,38611.57,38250.63,38326.19,10250.981,1643677199999,393525108.44597,98168,5162.339,198202201.32383,0
1643677200000,38326.18,38388.21,38145.00,38223.22,5990.060,1643680799999,229173943.32104,68166,2804.506,107328133.21802,0
1643680800000,38223.22,38500.26,38186.20,38458.41,7214.725,1643684399999,276831425.94908,73582,4413.919,169363023.45955,0
1643684400000,38458.41,38630.00,38370.00,38570.11,6826.553,1643687999999,262852823.26510,75369,3692.791,142229544.03659,0
1643688000000,38570.10,38625.00,38447.00,38541.68,4981.112,1643691599999,191911591.55427,58005,2346.931,90426292.99769,0
1643691600000,38541.68,38613.20,38410.40,38433.90,5733.775,1643695199999,220901741.73183,58761,2797.229,107795181.71256,0
1643695200000,38433.90,38474.01,38220.08,38275.00,10724.609,1643698799999,410895726.69547,106676,5169.764,198076596.42877,0
1643698800000,38275.01,38449.98,38268.08,38420.65,5729.385,1643702399999,219899004.05951,68035,3112.202,119449248.21806,0
1643702400000,38420.65,38589.95,38381.49,38576.82,7566.812,1643705999999,291387665.41129,81195,4010.350,154448856.70475,0
1643706000000,38576.48,39100.00,38202.47,38239.32,45174.636,1643709599999,1745576526.70823,397118,23821.296,921040348.85079,0
1643709600000,38239.36,38349.84,37969.00,38231.36,20070.874,1643713199999,765939166.41722,182907,9917.874,378570104.08907,0
1643713200000,38231.36,38463.00,38185.00,38402.86,11095.889,1643716799999,425424827.42733,114063,5914.750,226787892.89506,0
1643716800000,38402.86,38739.96,38340.00,38624.67,15169.588,1643720399999,584962160.69850,161753,7762.542,299366424.23199,0
1643720400000,38624.67,38934.96,38421.67,38840.98,23451.244,1643723999999,907782997.46647,226088,12017.768,465311962.90653,0
1643724000000,38844.85,39049.43,38320.70,38492.10,34532.240,1643727599999,1336136683.54519,342988,17113.249,662292965.89929,0
1643727600000,38492.11,38630.00,38170.89,38604.97,27888.846,1643731199999,1069964533.28288,282744,14057.979,539479624.70411,0
1643731200000,38605.26,39260.26,38566.40,39092.04,33398.611,1643734799999,1299429945.60664,335125,18277.980,711371609.87637,0
1643734800000,39092.05,39150.00,38632.00,38846.32,22084.587,1643738399999,858408722.21216,233225,10718.922,416602806.09895,0
1643738400000,38846.32,38896.05,38443.70,38516.49,11199.115,1643741999999,433419526.99085,128708,5226.475,202351678.09603,0
1643742000000,38516.49,38581.86,38322.00,38356.04,12355.151,1643745599999,474884727.90682,140089,5926.509,227810732.19075,0
1643745600000,38356.04,38722.75,38345.00,38491.19,12078.002,1643749199999,465499885.33154,128462,6508.227,250813270.78178,0
1643749200000,38491.19,38800.00,38448.01,38763.41,7354.349,1643752799999,284497076.17113,89912,3934.047,152201975.78674,0
1643752800000,38763.41,38838.89,38510.95,38682.60,5937.700,1643756399999,229687059.20770,76430,2758.849,106740705.59877,0
1643756400000,38682.60,38884.60,38585.02,38680.51,6545.277,1643759999999,253602914.89368,75294,3399.826,131757970.02554,0
1643760000000,38680.51,38834.18,38400.01,38539.88,9713.839,1643763599999,374979605.91227,110279,4761.351,183824043.62826,0
1643763600000,38539.88,38658.05,38350.00,38425.01,6974.477,1643767199999,268310967.01900,78077,3176.909,122249763.82084,0
1643767200000,38425.01,38645.90,38365.20,38598.61,5032.049,1643770799999,193937783.08479,61245,2723.158,104945282.19956,0
1643770800000,38598.61,38730.32,38523.35,38540.29,4275.419,1643774399999,165147889.64136,55533,2141.529,82730694.59573,0
1643774400000,38540.28,38540.29,38390.00,38412.10,6931.923,1643777999999,266598646.73836,73348,3391.724,130449889.10774,0
1643778000000,38412.11,38503.46,38292.30,38404.67,6986.297,1643781599999,268089763.16850,77380,3305.409,126846258.91724,0
1643781600000,38404.67,38529.96,38173.30,38262.57,11578.153,1643785199999,443792169.60300,112480,5174.928,198438441.63123,0
1643785200000,38262.58,38383.72,38186.68,38268.32,7471.295,1643788799999,285932311.15684,82844,3717.221,142282872.98441,0
1643788800000,38269.00,38458.99,38205.38,38430.30,7503.899,1643792399999,287888403.06202,84873,4068.120,156086993.00559,0
1643792400000,38430.00,38520.00,38361.69,38505.00,6729.373,1643795999999,258754130.93887,79635,3542.363,136229975.21511,0
1643796000000,38505.00,38580.00,38381.00,38540.64,7422.325,1643799599999,285668713.56029,84132,3660.955,140916980.80206,0
1643799600000,38540.63,38553.72,38413.28,38473.75,4894.756,1643803199999,188366901.11204,60873,2431.147,93565371.16507,0
1643803200000,38473.74,38720.00,38453.85,38692.33,12510.393,1643806799999,483176348.12372,122011,6793.711,262413198.31156,0
1643806800000,38692.32,38725.50,38322.00,38350.65,14001.280,1643810399999,538917078.52777,144382,6406.530,246613777.74145,0
1643810400000,38350.64,38411.99,37601.16,37695.24,46395.127,1643813999999,1760509574.71607,373558,20980.025,795977039.87392,0
1643814000000,37696.99,37818.96,37338.14,37419.51,38708.039,1643817599999,1453879119.50515,323240,18658.076,700940097.03225,0
1643817600000,37419.53,37431.19,37052.00,37311.15,34404.664,1643821199999,1280974400.22123,309142,16743.114,623436567.11248,0
1643821200000,37311.15,37526.00,37246.00,37449.99,16649.421,1643824799999,622559737.27552,150316,8480.356,317124645.87869,0
1643824800000,37449.98,37510.23,37353.01,37463.57,8023.865,1643828399999,300283712.00192,81790,3773.052,141220605.09532,0
1643828400000,37463.56,37646.09,37380.00,37538.91,10983.204,1643831999999,412171275.73450,103638,5842.873,219300144.02038,0
1643832000000,37538.90,37630.00,37372.64,37537.21,11708.783,1643835599999,439140573.98107,110385,5800.732,217572332.74278,0
1643835600000,37539.98,37580.00,36529.81,36898.85,31828.677,1643839199999,1176608634.53394,303430,14832.388,548264552.78367,0
1643839200000,36898.85,37197.88,36805.73,36992.97,16080.725,1643842799999,594737466.53720,152364,8555.694,316426688.28022,0
1643842800000,36992.97,37115.29,36810.00,36892.03,10762.951,1643846399999,397674664.48699,103111,5110.833,188865480.01729,0
1643846400000,36892.05,37040.00,36754.62,36867.89,12091.432,1643849999999,446176237.28570,118440,5881.122,217046934.23452,0
1643850000000,36870.57,36990.00,36745.89,36831.10,7390.361,1643853599999,272588340.28009,76657,3550.693,130976317.89226,0
1643853600000,36831.10,36948.28,36700.00,36942.68,6623.163,1643857199999,244009546.00048,79327,3379.714,124538506.46332,0
1643857200000,36942.49,36948.28,36758.13,36801.12,5452.448,1643860799999,200973881.72245,59816,2978.210,109782257.95119,0
1643860800000,36801.12,36939.06,36764.00,36885.69,4638.777,1643864399999,171041613.88798,58227,2343.227,86401531.27456,0
1643864400000,36885.70,37063.04,36823.85,36980.01,7650.481,1643867999999,282776340.85530,81451,4296.916,158820956.78866,0
1643868000000,36980.01,36993.85,36817.94,36907.86,6456.553,1643871599999,238240477.13310,64487,2907.073,107253698.16967,0
1643871600000,36907.86,37074.00,36896.10,36995.50,7635.316,1643875199999,282464540.45466,78357,4205.655,155593176.18408,0
1643875200000,36995.50,37084.63,36952.65,37049.98,6453.162,1643878799999,238934672.51481,64172,3049.748,112923166.94133,0
1643878800000,37049.98,37065.50,36548.72,36594.00,14369.873,1643882399999,529475869.73347,122032,5534.034,203980031.44594,0
1643882400000,36593.92,36650.00,36255.76,36361.43,28798.009,1643885999999,1048162014.93333,242608,13519.662,492087737.86645,0
1643886000000,36361.43,36780.00,36250.00,36754.99,23893.432,1643889599999,873516966.31355,176889,13534.473,495011834.41200,0
1643889600000,36754.99,36766.00,36204.30,36667.21,28324.587,1643893199999,1033715784.87637,226401,13877.792,506527449.16673,0
1643893200000,36667.22,36752.00,36437.57,36571.39,15965.368,1643896799999,584713053.10581,144782,7716.109,282595335.91137,0
1643896800000,36571.39,36774.91,36461.58,36491.31,21203.243,1643900399999,776146665.26676,196614,11093.770,406167389.55688,0
1643900400000,36491.31,36963.00,36456.48,36876.56,21433.141,1643903999999,787776140.52320,208052,12006.126,441321957.13809,0
1643904000000,36876.56,37100.00,36668.27,36668.57,15100.138,1643907599999,556856361.12624,154397,7658.685,282527878.90619,0
1643907600000,36668.57,36872.36,36538.90,36810.65,14083.556,1643911199999,516754363.70599,141894,7327.556,268904295.82231,0
1643911200000,36810.65,36840.00,36680.00,36742.68,5853.842,1643914799999,215097090.26094,68390,2917.889,107225675.58202,0
1643914800000,36742.67,36807.81,36431.79,36538.76,11164.643,1643918399999,408449613.69004,117695,5557.297,203328322.70852,0
1643918400000,36538.76,36633.72,36256.00,36359.06,12831.947,1643921999999,467516428.47292,139860,6104.225,222457981.15732,0
1643922000000,36358.83,37035.36,36344.50,36929.99,21230.105,1643925599999,781321670.92615,205573,11747.500,432239489.76348,0
1643925600000,36929.99,36989.99,36779.14,36913.08,8121.087,1643929199999,299507740.89071,83497,4031.908,148708556.90606,0
1643929200000,36911.67,37395.00,36856.76,37289.86,11891.564,1643932799999,440873761.21521,110443,7001.787,259733526.09008,0
1643932800000,37287.33,37309.41,37096.00,37156.61,8668.242,1643936399999,322346970.76488,84655,4200.464,156212461.94697,0
1643936400000,37156.61,37196.53,37011.00,37149.48,5373.679,1643939999999,199366179.77390,62532,2592.110,96179987.96290,0
1643940000000,37149.48,37435.54,37115.53,37306.17,9055.958,1643943599999,337740699.76356,97161,4907.016,183037581.12757,0
1643943600000,37308.67,37398.52,37240.57,37282.81,5933.986,1643947199999,221446110.52197,57092,2884.242,107648470.25451,0
1643947200000,37282.80,37338.54,37226.41,37270.60,4555.481,1643950799999,169800734.39459,48570,2359.208,87942394.63325,0
1643950800000,37273.64,37680.00,37234.93,37521.17,18270.636,1643954399999,685447413.96917,155186,10400.712,390223953.60331,0
1643954400000,37521.18,38000.00,37520.72,37969.50,21872.215,1643957999999,827789938.23004,202054,11823.453,447458745.75841,0
1643958000000,37969.51,38198.00,37822.91,37858.99,18221.632,1643961599999,691733460.78349,160396,9085.190,345019055.26668,0
1643961600000,37859.00,38020.61,37831.82,37934.03,12016.625,1643965199999,455728800.25573,109516,6057.097,229718972.27746,0
1643965200000,37934.03,38100.00,37878.61,37995.23,9198.200,1643968799999,349325284.39774,97739,4900.299,186118342.49895,0
1643968800000,37995.22,38239.00,37778.88,37873.08,19036.789,1643972399999,722656803.80578,174119,9880.629,375256416.05738,0
1643972400000,37873.08,37958.00,37785.58,37800.02,9785.306,1643975999999,370574161.71135,92829,5133.619,194443248.68673,0
1643976000000,37800.02,38050.00,37800.01,37946.81,8623.853,1643979599999,327134503.70507,85464,4627.159,175531928.46395,0
1643979600000,37946.81,38180.00,37355.00,37415.80,34980.127,1643983199999,1318205597.89601,300175,16971.249,639572059.63461,0
1643983200000,37415.81,38048.00,37278.93,37939.57,39875.547,1643986799999,1503013453.13142,352851,21496.265,810256421.99150,0
1643986800000,37937.08,39863.27,37870.02,39481.72,108682.540,1643990399999,4252687311.18351,944106,59251.511,2317065516.19751,0
1643990400000,39481.72,40747.00,39426.91,40249.05,61746.711,1643993999999,2474273582.24278,595923,34202.811,1371042296.77025,0
1643994000000,40249.04,40550.00,40156.06,40497.48,25787.919,1643997599999,1039890111.46591,263422,12902.973,520442074.06517,0
1643997600000,40497.48,40651.26,40260.00,40452.90,16919.973,1644001199999,683754897.50083,171086,7880.819,318548610.26646,0
1644001200000,40452.91,40875.00,40344.80,40701.71,19053.074,1644004799999,773162413.79404,199989,9864.491,400470195.10598,0
1644004800000,40703.33,40850.00,40430.00,40568.01,17091.395,1644008399999,694583024.79391,174434,7888.317,320596776.13193,0
1644008400000,40568.01,40617.45,40410.00,40599.97,8063.742,1644011999999,326621366.62038,85081,4310.720,174632315.42247,0
1644012000000,40599.97,40649.97,40357.04,40617.20,7846.341,1644015599999,317868871.94566,87178,3888.417,157557510.46826,0
1644015600000,40617.21,41741.76,40550.45,41550.00,29445.799,1644019199999,1213504005.67174,274477,18294.770,753823653.32255,0
1644019200000,41550.00,41922.00,41349.12,41465.14,28193.643,1644022799999,1172747883.18642,263455,14250.690,593038200.42788,0
1644022800000,41465.14,41527.41,41180.94,41262.32,11362.580,1644026399999,469859716.72162,125290,5425.944,224407372.37531,0
1644026400000,41262.32,41435.00,41155.45,41350.85,6903.917,1644029999999,285290391.82638,80963,3748.722,154929094.54235,0
1644030000000,41350.86,41459.10,41316.63,41428.66,4302.427,1644033599999,178110174.44415,59991,2226.684,92187457.46415,0
1644033600000,41428.67,41684.55,41352.85,41451.66,10242.925,1644037199999,425236963.69715,109108,5509.204,228771623.10793,0
1644037200000,41451.66,41638.81,41363.21,41509.99,6522.050,1644040799999,270718859.55394,79179,3504.757,145495386.58446,0
1644040800000,41509.99,41752.46,41458.64,41485.01,7532.287,1644044399999,313116917.82334,92597,3928.370,163342708.97777,0
1644044400000,41485.01,41488.51,41355.40,41368.14,5820.654,1644047999999,241110987.78492,76437,2760.194,114348173.83985,0
1644048000000,41367.74,41574.39,41283.00,41428.44,7430.847,1644051599999,307794652.15578,90548,3716.184,153971977.24648,0
1644051600000,41428.45,41561.76,41194.62,41535.96,9512.116,1644055199999,393699458.91913,103660,4670.378,193381992.26341,0
1644055200000,41535.95,41666.00,41400.00,41552.20,9873.264,1644058799999,410027704.54827,100838,4849.343,201410219.59831,0
1644058800000,41552.20,41625.00,41375.00,41427.85,6357.213,1644062399999,263620126.41615,83801,2967.560,123073915.44193,0
1644062400000,41427.85,41505.21,41327.75,41372.94,6139.881,1644065999999,254344406.05884,83120,3045.757,126173830.09798,0
1644066000000,41372.95,41540.51,41350.00,41503.15,5787.098,1644069599999,239851307.64313,80360,3205.983,132877393.55320,0
1644069600000,41503.15,41749.00,41360.00,41443.87,12687.286,1644073199999,526540830.35958,126661,6262.087,259949643.92825,0
1644073200000,41443.87,41875.43,41300.00,41731.74,22633.792,1644076799999,943103921.53420,253663,11497.241,479111112.05723,0
1644076800000,41731.74,41837.98,41220.00,41276.89,15633.538,1644080399999,649090928.06987,173871,7216.529,299696578.20335,0
1644080400000,41276.90,41666.00,40920.00,41575.72,27159.876,1644083999999,1120107094.39114,295234,14090.801,581243804.65873,0
1644084000000,41575.72,41741.59,41500.00,41659.80,8394.533,1644087599999,349435300.18364,101618,4239.169,176480197.61962,0
1644087600000,41659.80,41667.04,41457.72,41532.76,4854.513,1644091199999,201830299.17768,64369,2198.121,91398536.78047,0
1644091200000,41532.76,41692.26,41365.15,41631.01,7275.697,1644094799999,301898011.83311,82950,3776.348,156713744.38380,0
1644094800000,41631.01,41765.00,41542.03,41621.19,6398.724,1644098399999,266583549.00031,68240,2914.290,121419460.13062,0
1644098400000,41621.19,41747.57,41543.79,41571.23,4388.751,1644101999999,182774077.87639,57601,2158.989,89925292.55426,0
1644102000000,41571.22,41629.13,41316.72,41374.69,6776.458,1644105599999,281074458.74476,75293,3136.230,130104058.82720,0
1644105600000,41374.68,41522.50,41313.01,41462.87,5297.273,1644109199999,219467779.92293,59903,2861.034,118557491.91825,0
1644109200000,41462.86,41633.08,41462.86,41591.71,3993.436,1644112799999,165907629.21684,47512,2089.929,86833100.04347,0
1644112800000,41591.71,41604.35,41446.90,41517.18,2985.803,1644116399999,123988928.18344,41548,1395.843,57968253.67642,0
1644116400000,41517.18,41539.99,41416.62,41429.06,3300.816,1644119999999,136921451.79620,37331,1635.574,67850376.14244,0
1644120000000,41429.06,41533.10,41300.00,41522.43,6405.192,1644123599999,265309976.80921,70322,3129.479,129638568.01421,0
1644123600000,41522.43,41573.96,41470.00,41558.58,3016.255,1644127199999,125263938.91109,37283,1491.416,61942628.12819,0
1644127200000,41558.58,41565.00,41390.00,41441.96,3826.402,1644130799999,158719489.89611,49615,1924.976,79848442.63124,0
1644130800000,41441.96,41700.00,41395.00,41588.00,7661.396,1644134399999,318399128.68589,76874,4146.175,172327174.27918,0
1644134400000,41586.94,41652.33,41480.00,41621.86,5414.874,1644137999999,225097539.04008,58101,2949.030,122601235.31302,0
1644138000000,41621.85,41661.39,41566.25,41630.00,3647.326,1644141599999,151768827.77013,45457,1927.697,80215092.47373,0
1644141600000,41631.00,41685.00,41511.05,41570.00,5212.341,1644145199999,216864380.53394,58980,2699.047,112302158.04401,0
1644145200000,41569.99,41619.91,41438.81,41510.72,4818.684,1644148799999,200034082.27304,58075,2380.056,98810189.57208,0
1644148800000,41510.71,41649.00,41488.00,41604.13,6622.644,1644152399999,275295012.29947,64395,3816.537,158660855.96423,0
1644152400000,41604.12,41835.00,41463.74,41679.99,17617.448,1644155999999,733755095.17630,163947,9203.422,383393749.79702,0
1644156000000,41679.99,42400.00,41193.25,41300.00,40255.828,1644159599999,1676372314.75942,361843,21115.050,880371550.50491,0
1644159600000,41300.00,41529.10,41100.00,41494.99,17863.344,1644163199999,738814047.95053,173255,9408.826,389216659.13487,0
1644163200000,41494.99,41681.35,41404.49,41618.80,9700.465,1644166799999,403066718.35130,101842,5167.085,214724258.75586,0
1644166800000,41620.75,41734.11,41500.18,41619.99,6342.234,1644170399999,264024133.14190,71794,2775.819,115582597.81759,0
1644170400000,41619.99,41658.00,41385.56,41486.59,5227.244,1644173999999,217070632.50456,61061,2463.667,102310504.36882,0
1644174000000,41486.59,41717.79,41463.90,41692.80,4689.552,1644177599999,195108898.80493,53525,2536.918,105551442.42865,0
1644177600000,41692.80,41723.17,41480.20,41552.61,5454.769,1644181199999,227071754.42241,65876,2500.770,104094974.82555,0
1644181200000,41552.61,41697.82,41519.36,41632.61,3681.908,1644184799999,153242723.18590,43277,1961.853,81655443.74166,0
1644184800000,41632.61,41688.13,41510.00,41575.81,3331.481,1644188399999,138653140.03170,41405,1663.086,69215271.61196,0
1644188400000,41575.80,42656.80,41458.15,42361.35,38957.235,1644191999999,1642829139.20905,353894,21785.081,918920342.41115,0
1644192000000,42361.34,42462.77,41609.76,41801.49,24004.928,1644195599999,1006760292.07391,214157,11411.382,478645413.53707,0
1644195600000,41801.49,42249.76,41675.80,42083.75,13982.902,1644199199999,587044198.87555,149997,7384.935,310082407.95841,0
1644199200000,42083.75,42626.00,42072.24,42306.91,16207.044,1644202799999,686988573.79522,186719,8452.199,358237589.11679,0
1644202800000,42308.02,42933.82,42306.91,42784.68,21188.936,1644206399999,904446569.84207,212652,11685.006,498857491.85570,0
1644206400000,42784.68,42874.00,42654.75,42783.52,9705.855,1644209999999,415062332.13080,111753,4834.743,206778993.87037,0
1644210000000,42783.50,43092.00,42671.03,42782.53,13409.880,1644213599999,573853090.50711,125873,7172.993,307069395.57995,0
1644213600000,42782.52,42819.83,42650.98,42740.51,5763.419,1644217199999,246253460.52001,66700,2882.219,123162112.39304,0
1644217200000,42740.52,42760.39,42540.65,42712.80,7501.171,1644220799999,320049727.73831,85025,3554.848,151690258.08988,0
1644220800000,42712.79,42757.12,42475.31,42584.63,9619.491,1644224399999,409857346.76749,103951,4509.878,192176040.50171,0
1644224400000,42584.63,42625.00,42201.68,42401.30,14902.587,1644227999999,631666594.26739,146564,6898.592,292386857.42840,0
1644228000000,42401.31,42619.00,42330.00,42534.00,9351.225,1644231599999,397202194.76594,95005,5316.619,225841058.54366,0
1644231600000,42534.01,42724.96,42534.00,42692.25,8726.526,1644235199999,372111815.29914,94956,4650.838,198335352.85599,0
1644235200000,42692.25,42780.00,42450.64,42610.62,10765.074,1644238799999,458701324.79012,107474,5223.786,222620175.58733,0
1644238800000,42611.63,42913.09,42581.42,42775.74,10113.366,1644242399999,432300006.61895,106400,5690.180,243265584.32829,0
1644242400000,42775.74,43441.85,42729.00,43376.83,42469.703,1644245999999,1830910815.74268,378685,22802.302,983269011.18564,0
1644246000000,43376.82,43887.81,43080.02,43805.26,41492.942,1644249599999,1804737642.76560,401195,22510.334,979512249.01894,0
1644249600000,43805.26,44250.00,43470.09,43776.50,39758.716,1644253199999,1739197469.46394,323025,20631.436,902965984.50099,0
1644253200000,43776.50,44333.33,43582.89,44188.04,23580.068,1644256799999,1036078374.19153,215283,13224.290,581357608.66460,0
1644256800000,44188.04,44541.16,43757.00,44052.88,31855.477,1644260399999,1406197663.49854,287257,16352.461,722194725.10777,0
1644260400000,44052.88,44480.00,43946.92,44243.00,18888.924,1644263999999,836018242.09123,182877,9675.609,428211404.51553,0
1644264000000,44243.00,44438.39,43774.87,44118.10,17791.356,1644267599999,785098141.56143,180060,7997.705,352993672.51190,0
1644267600000,44118.11,44250.00,43750.00,44073.94,12856.631,1644271199999,565646972.45917,132339,6629.853,291756618.85737,0
1644271200000,44071.30,44170.15,43942.44,44050.00,5174.010,1644274799999,227994919.05512,67967,2646.311,116624814.49277,0
1644274800000,44050.01,44180.00,43725.00,43829.99,8943.543,1644278399999,392557420.39085,102516,4093.879,179697488.04826,0
1644278400000,43829.99,43930.00,43550.00,43836.71,12761.551,1644281999999,558426778.51575,133904,6502.262,284583352.22364,0
1644282000000,43836.71,44069.89,43793.23,44026.01,7038.541,1644285599999,309388647.03616,79476,4041.762,177674580.69213,0
1644285600000,44026.02,44089.22,43870.12,43939.99,5387.187,1644289199999,236924476.39864,65649,2526.146,111111372.91444,0
1644289200000,43938.42,44171.30,43815.78,44162.22,7458.158,1644292799999,328193880.78769,84378,4027.092,177245951.45506,0
1644292800000,44162.22,44350.00,44063.38,44338.06,8535.343,1644296399999,377220868.33528,88352,4901.528,216668392.38550,0
1644296400000,44338.06,45086.34,44220.00,44867.12,24947.344,1644299999999,1113698024.58774,234424,14009.529,625734539.58472,0
1644300000000,44867.11,45600.00,44526.83,44774.24,40596.992,1644303599999,1827423326.34154,374201,21710.116,978001268.61349,0
1644303600000,44774.25,44922.56,44590.00,44842.26,11593.049,1644307199999,519051567.89301,126736,5810.388,260157877.48529,0
1644307200000,44842.27,44910.00,43800.00,44000.00,34425.321,1644310799999,1522509145.88492,343051,15386.213,680471480.17908,0
1644310800000,44000.00,44150.00,43520.00,43844.10,35165.029,1644314399999,1542251577.65424,336222,17520.031,768517720.23854,0
1644314400000,43844.11,43927.00,43560.28,43837.14,15317.302,1644317999999,670127653.69321,169111,7824.160,342363276.38696,0
1644318000000,43837.15,44040.00,43690.04,43978.64,12148.021,1644321599999,532967281.05504,124259,6360.294,279085171.47740,0
1644321600000,43978.64,43978.64,43123.38,43445.93,31887.374,1644325199999,1384362835.09183,304461,14971.072,649830532.61251,0
1644325200000,43445.93,43632.81,43200.00,43620.99,17477.660,1644328799999,759317459.00258,181046,9154.333,397810063.56362,0
1644328800000,43620.98,43854.28,43501.97,43562.59,17933.847,1644332399999,783081990.56815,178101,9113.891,398038784.60244,0
1644332400000,43563.30,43567.97,42822.00,43406.53,33865.351,1644335999999,1463441073.82384,336426,16629.059,718803349.76017,0
1644336000000,43406.53,43690.00,42886.32,43009.26,25862.626,1644339599999,1120810445.33376,233284,12323.837,534309928.10925,0
1644339600000,43009.26,43199.33,42641.00,42955.06,29199.381,1644343199999,1253964119.56729,271187,14968.198,643018228.28555,0
1644343200000,42953.78,43237.00,42833.04,42963.29,12554.930,1644346799999,540610369.58534,127863,6157.019,265157653.16622,0
1644346800000,42963.29,43134.00,42663.71,42985.41,17648.789,1644350399999,757057550.37234,163660,8681.300,372503826.18732,0
1644350400000,42985.41,44349.00,42929.35,44257.22,32261.947,1644353999999,1412092811.02852,318502,18931.010,828440033.61781,0
1644354000000,44257.22,44395.00,43880.00,44159.90,18301.599,1644357599999,807760487.91139,192052,9219.684,407081122.54777,0
1644357600000,44159.90,44254.12,43862.00,44041.89,8448.782,1644361199999,372150429.09910,99390,4057.447,178728454.74377,0
1644361200000,44041.89,44289.99,43986.92,44021.57,7199.297,1644364799999,317575916.56027,83656,3605.018,159052454.73683,0
1644364800000,44021.58,44325.52,43929.37,44218.03,9771.694,1644368399999,431012516.73387,103755,5048.331,222719551.24208,0
1644368400000,44218.03,44220.20,43786.28,43852.25,9891.864,1644371999999,435135002.25977,102537,4054.564,178421575.76083,0
1644372000000,43852.25,43910.00,43089.08,43317.14,19453.936,1644375599999,844510283.91719,182015,8640.937,375056513.51643,0
1644375600000,43317.14,43466.00,43233.10,43321.58,7529.194,1644379199999,326412659.94401,81784,3867.903,167714131.34831,0
1644379200000,43321.57,43548.00,43293.62,43434.95,6491.629,1644382799999,282056546.02338,73096,3376.322,146704341.59313,0
1644382800000,43435.67,43726.62,43111.00,43567.22,13184.208,1644386399999,572539890.78997,145407,6870.998,298443229.14389,0
1644386400000,43562.11,43832.31,43512.16,43679.26,7539.762,1644389999999,329329919.54127,91789,4243.072,185369584.86912,0
1644390000000,43679.26,43910.00,43402.70,43798.90,11075.495,1644393599999,482873763.53006,116652,6048.288,263732318.57942,0
1644393600000,43798.90,43934.00,43164.79,43374.51,19238.975,1644397199999,836288054.33685,186556,8979.477,390330052.80250,0
1644397200000,43374.51,43657.99,43282.32,43372.26,10098.168,1644400799999,438890480.79821,112819,5241.527,227851274.73332,0
1644400800000,43372.26,43734.27,43344.01,43599.08,9937.476,1644404399999,432713465.52389,104868,5295.473,230550714.23626,0
1644404400000,43598.23,43800.00,43334.79,43686.65,12218.061,1644407999999,532642110.71523,131433,6164.326,268791870.51395,0
1644408000000,43685.62,44326.29,43600.00,44120.42,21590.626,1644411599999,949646296.75001,228123,11913.042,524081745.86426,0
1644411600000,44120.43,44436.44,43850.00,43928.29,19637.701,1644415199999,867332139.51301,207122,9524.713,420784808.90868,0
1644415200000,43928.29,44244.00,43760.10,44074.76,17560.830,1644418799999,772933284.50694,189473,8969.937,394811769.09012,0
1644418800000,44074.75,44196.22,43774.95,43855.17,13732.081,1644422399999,603552116.88895,147112,6693.887,294278908.68545,0
1644422400000,43855.18,44130.00,43600.00,44070.00,18337.923,1644425999999,804511305.14317,180778,8778.806,385300390.54485,0
1644426000000,44070.00,44300.00,43952.32,44044.33,10243.042,1644429599999,451896082.05016,121138,4901.034,216257141.63060,0
1644429600000,44044.32,44159.31,43900.32,44146.75,6153.882,1644433199999,270880757.28978,78584,3216.599,141596453.87370,0
1644433200000,44146.75,44704.00,44104.76,44455.07,21437.121,1644436799999,952839240.58177,214706,11214.787,498546803.68379,0
1644436800000,44455.13,44826.00,44320.64,44743.28,12588.713,1644440399999,561501973.52108,141837,6455.383,287975962.73442,0
1644440400000,44743.27,44767.00,44418.46,44443.01,7799.855,1644443999999,347832535.71895,88559,3652.494,162888323.06892,0
1644444000000,44443.62,44565.99,44200.00,44531.19,8265.941,1644447599999,367206259.88239,105568,4050.475,179975801.93606,0
1644447600000,44531.19,44555.39,44222.11,44358.08,6491.885,1644451199999,288018616.98635,79279,3064.563,135952909.59231,0
1644451200000,44358.09,44386.48,44025.00,44099.88,9866.844,1644454799999,435544289.50433,104039,4543.511,200555460.42296,0
1644454800000,44098.99,44250.00,44005.14,44239.02,5890.685,1644458399999,260122960.86012,65113,3239.693,143082831.55867,0
1644458400000,44239.01,44345.00,43763.00,43773.22,9955.809,1644461999999,438845135.16689,101966,4048.411,178610732.14228,0
1644462000000,43773.22,43835.70,43550.00,43748.78,12978.035,1644465599999,566963845.54772,123366,6107.062,266827740.91424,0
1644465600000,43748.77,43896.96,43531.10,43760.77,10723.951,1644469199999,468910045.59005,102589,5374.207,235015178.35591,0
1644469200000,43760.78,43881.91,43678.77,43851.95,5910.006,1644472799999,258771089.42031,68529,3302.189,144603211.40914,0
1644472800000,43851.94,43976.31,43728.00,43849.58,9415.692,1644476399999,413060528.82772,95609,4432.796,194478302.46519,0
1644476400000,43849.58,44106.45,43828.01,44066.19,6247.911,1644479999999,274708183.11258,72557,3541.071,155709374.62399,0
1644480000000,44066.19,44277.00,44030.00,44189.67,10311.959,1644483599999,455358085.10734,110783,5556.510,245392435.17590,0
1644483600000,44189.67,44450.00,44077.00,44377.20,11152.315,1644487199999,493904309.36633,118727,6096.346,270005168.24665,0
1644487200000,44377.20,44750.00,44334.41,44627.62,17805.646,1644490799999,793590151.17923,178283,9494.666,423217674.08551,0
1644490800000,44627.62,45172.65,44540.43,44815.74,31248.632,1644494399999,1402198713.86784,285637,16400.195,735906579.79253,0
1644494400000,44815.73,44979.52,44553.66,44797.71,21040.359,1644497999999,941854703.09558,191312,10216.007,457319658.79124,0
1644498000000,44797.71,45068.25,43600.00,43628.82,66839.151,1644501599999,2945973452.59475,563546,30580.539,1347991077.67248,0
1644501600000,43628.39,44391.73,43136.96,44367.80,57455.525,1644505199999,2504851031.11642,508329,30299.488,1321507612.16123,0
1644505200000,44367.80,45700.00,44144.73,44936.02,82953.469,1644508799999,3732488635.57717,766133,42691.507,1921382760.06274,0
1644508800000,44936.81,45550.00,44809.09,45367.15,36631.383,1644512399999,1654913280.26705,345309,19479.038,880120196.21929,0
1644512400000,45367.16,45847.50,45000.00,45314.45,36320.315,1644515999999,1649629133.50723,343313,17854.159,811085005.02887,0
1644516000000,45314.44,45389.69,44840.03,45199.00,21353.058,1644519599999,962532146.27120,215047,11147.160,502527871.48299,0
1644519600000,45200.00,45246.77,44311.39,44355.73,24424.477,1644523199999,1091014007.37979,248133,11591.572,517788815.68018,0
1644523200000,44355.72,44579.91,43753.11,44077.47,29918.539,1644526799999,1320329056.61203,279817,14917.207,658426338.70583,0
1644526800000,44077.85,44173.25,43645.00,43721.65,17189.118,1644530399999,755445566.50353,172046,7992.946,351416620.92627,0
1644530400000,43721.66,44052.67,43570.00,43935.02,11686.105,1644533999999,512176298.94247,140020,6357.653,278700901.84084,0
1644534000000,43935.02,44020.00,43288.36,43471.29,16603.091,1644537599999,723726738.10564,169634,7928.208,345686040.86918,0
1644537600000,43471.30,43545.32,42555.00,43012.98,31627.039,1644541199999,1360505539.26152,310530,14960.156,643478539.88195,0
1644541200000,43012.87,43739.89,42910.90,43162.02,24411.135,1644544799999,1058157831.71778,243065,12348.896,535353175.28085,0
1644544800000,43162.02,43188.55,42800.00,43104.41,9955.251,1644548399999,427935215.96509,118884,4932.160,212062941.45620,0
1644548400000,43104.40,43385.00,43062.26,43310.87,10817.521,1644551999999,467503679.65606,105773,6059.775,261910975.54342,0
1644552000000,43310.87,43345.14,42950.00,43068.00,8836.486,1644555599999,381025028.25034,93549,4271.597,184134623.13797,0
1644555600000,43067.70,43070.00,42789.68,42826.00,7649.090,1644559199999,328448776.22795,96522,3529.657,151611001.36409,0
1644559200000,42826.00,43251.47,42777.00,43214.64,9307.475,1644562799999,401062452.90030,106836,4952.730,213385670.87584,0
1644562800000,43214.63,43399.00,43135.51,43330.46,8341.553,1644566399999,360774818.67648,95165,4221.203,182595439.95360,0
1644566400000,43329.87,43538.26,42947.90,42966.27,13316.619,1644569999999,576767498.94629,145095,6060.383,262602656.15119,0
1644570000000,42966.44,43607.10,42811.42,43470.01,22616.712,1644573599999,980417865.16335,232032,11817.474,512351508.89212,0
1644573600000,43470.02,43548.45,43212.25,43420.43,10679.139,1644577199999,463340607.74205,128837,5393.150,234017856.05180,0
1644577200000,43420.44,43499.89,43304.52,43332.95,6912.057,1644580799999,299919505.42010,92657,3293.802,142942052.51499,0
1644580800000,43332.94,43677.00,43226.21,43549.55,14618.012,1644584399999,635867792.26426,166947,7575.142,329489176.77020,0
1644584400000,43549.54,43800.00,43476.69,43729.28,12954.999,1644587999999,565768781.56949,162891,6658.340,290805356.32701,0
1644588000000,43729.27,43900.00,43262.00,43493.40,33334.203,1644591599999,1452800245.63115,343069,15953.292,695480669.07029,0
1644591600000,43493.40,43788.70,43487.00,43648.87,14246.274,1644595199999,621765697.64861,161345,7521.708,328300765.57913,0
1644595200000,43648.86,43746.52,43411.01,43564.79,16984.259,1644598799999,739475536.75895,159990,8333.619,362864194.04150,0
1644598800000,43560.01,43700.00,43353.63,43404.71,12029.604,1644602399999,523527735.51985,119764,5810.978,252962590.49485,0
1644602400000,43404.71,43495.95,42567.00,42652.95,29036.850,1644605999999,1246711692.82302,314620,13269.631,569636894.34143,0
1644606000000,42652.95,43160.00,42046.11,42725.35,51436.859,1644609599999,2190695827.79499,544629,26579.934,1132401544.16700,0
1644609600000,42727.97,42859.36,42216.38,42334.20,24498.624,1644613199999,1040375271.10832,293488,12359.143,524932782.54234,0
1644613200000,42335.99,42721.40,42283.26,42532.99,11589.384,1644616799999,493087412.51952,138043,5887.755,250534773.93343,0
1644616800000,42532.99,42599.99,41980.04,42144.59,15181.726,1644620399999,641597112.55567,178297,7001.442,295938539.85831,0
1644620400000,42144.59,42418.24,41914.23,42366.00,14265.322,1644623999999,602435643.82106,146374,7192.443,303859099.73273,0
1644624000000,42365.99,42405.00,42210.00,42314.89,7048.620,1644627599999,298152060.52610,96318,3605.658,152520654.66124,0
1644627600000,42314.88,42491.19,42252.45,42439.51,5422.299,1644631199999,229873371.65693,71261,2989.729,126760461.02015,0
1644631200000,42439.51,42468.00,42340.00,42441.01,3858.446,1644634799999,163605075.08710,51812,1996.663,84665709.11726,0
1644634800000,42441.01,42447.50,42150.00,42279.98,6114.426,1644638399999,258536847.16730,73894,2901.004,122660107.64524,0
1644638400000,42279.99,42418.00,42215.24,42286.33,4785.790,1644641999999,202606768.70272,58065,2479.841,104983989.15013,0
1644642000000,42286.33,42400.00,42176.77,42268.45,4692.741,1644645599999,198415747.33831,61383,2400.795,101512649.43684,0
1644645600000,42268.44,42311.77,41711.00,42032.57,17834.472,1644649199999,748815582.95440,192630,8108.082,340498214.49997,0
1644649200000,42032.57,42243.88,41926.94,42090.76,9420.604,1644652799999,396411102.86304,113687,4789.054,201541692.26138,0
1644652800000,42090.75,42380.00,42090.75,42268.76,11070.376,1644656399999,467731202.73567,108848,6018.870,254301758.10091,0
1644656400000,42268.76,42440.73,42210.03,42374.84,7406.782,1644659999999,313596124.21653,82224,4128.837,174860835.15979,0
1644660000000,42375.92,42380.00,42070.00,42259.49,10254.384,1644663599999,432947810.28550,111550,4676.487,197486718.63445,0
1644663600000,42259.48,42435.13,41838.68,42385.66,15538.629,1644667199999,655410489.94631,158304,7975.630,336603775.66378,0
1644667200000,42386.01,42424.79,42166.72,42260.34,7519.093,1644670799999,318033726.45894,94555,3638.251,153892292.04292,0
1644670800000,42260.84,42333.00,42057.39,42088.38,7455.879,1644674399999,314569735.84806,97316,3549.302,149784210.39179,0
1644674400000,42088.38,42215.00,41756.57,42144.17,19783.556,1644677999999,831083372.82249,216687,10032.699,421636281.53773,0
1644678000000,42144.17,42199.00,41810.00,42115.60,13349.929,1644681599999,560905028.49748,150204,6692.426,281215622.40691,0
1644681600000,42115.61,42812.63,41981.72,42704.38,27232.019,1644685199999,1156382168.16756,275726,15201.288,645634576.90462,0
1644685200000,42704.38,42786.01,42530.00,42691.48,8878.186,1644688799999,378640442.93157,114248,4287.012,182853842.98455,0
1644688800000,42691.48,42980.00,42691.20,42810.01,13863.193,1644692399999,594041744.80301,145262,7332.877,314229642.90302,0
1644692400000,42810.00,42860.00,42581.30,42644.67,8677.676,1644695999999,370645509.83646,90779,3991.857,170550641.92211,0
1644696000000,42644.66,42739.18,42439.71,42610.01,7166.563,1644699599999,305292694.21029,82058,3530.066,150418323.71313,0
1644699600000,42610.00,42610.00,41540.00,41860.01,22261.765,1644703199999,935933273.25030,219870,9342.992,392966357.16265,0
1644703200000,41860.00,42207.53,41803.52,42146.33,10900.684,1644706799999,457788217.37371,131163,5989.920,251588763.55468,0
1644706800000,42146.32,42248.84,42035.79,42199.87,5733.213,1644710399999,241596006.66181,73760,2900.701,122260091.89354,0
1644710400000,42199.88,42491.85,42035.60,42372.41,9127.627,1644713999999,386049093.05306,92844,5111.757,216238849.07729,0
1644714000000,42372.42,42477.70,42180.02,42224.88,5502.465,1644717599999,232983899.94328,64270,2351.574,99599503.61067,0
1644717600000,42223.31,42267.41,42090.00,42208.21,5279.981,1644721199999,222690112.48558,59952,2635.926,111194044.07047,0
1644721200000,42208.22,42289.52,42140.00,42214.65,3937.473,1644724799999,166215356.68621,45379,1907.151,80513590.47972,0
1644724800000,42214.65,42322.64,42101.83,42186.35,4281.956,1644728399999,180775694.30991,50247,2281.569,96339744.93334,0
1644728400000,42186.36,42287.49,42103.56,42245.85,3371.323,1644731999999,142303477.97986,45157,1657.352,69967388.97900,0
1644732000000,42245.84,42418.56,42187.60,42404.00,5853.621,1644735599999,247723135.62979,62991,3453.364,146170233.65023,0
1644735600000,42404.00,42438.00,42263.10,42385.69,4491.013,1644739199999,190252444.97659,60105,2103.102,89109078.50970,0
1644739200000,42385.69,42474.64,42311.25,42424.27,4669.212,1644742799999,198058025.30053,60160,2375.394,100765068.09545,0
1644742800000,42424.28,42427.04,42245.00,42293.02,4652.464,1644746399999,196909164.46770,60312,2107.881,89220692.15097,0
1644746400000,42293.01,42626.53,42222.00,42552.11,11164.667,1644749999999,474315002.97363,117798,6123.729,260160822.68046,0
1644750000000,42552.12,42647.25,42427.13,42462.00,6422.729,1644753599999,273184181.24630,80895,3096.669,131736150.47816,0
1644753600000,42462.00,42600.00,42400.19,42454.40,5469.370,1644757199999,232522593.72330,73816,2753.188,117058578.92631,0
1644757200000,42455.28,42545.51,42369.35,42489.49,5456.415,1644760799999,231755213.87953,68274,2744.550,116587338.67819,0
1644760800000,42490.37,42720.00,42158.01,42519.45,19237.203,1644764399999,815826093.14890,189671,9742.547,413298718.08723,0
1644764400000,42519.45,42755.97,42477.00,42548.47,12373.454,1644767999999,527180027.39881,135872,6368.040,271366067.06186,0
1644768000000,42549.59,42570.00,42200.00,42292.33,15842.799,1644771599999,670879457.76957,160571,7780.345,329480518.63278,0
1644771600000,42292.33,42297.53,42052.54,42252.12,10212.697,1644775199999,430877994.83843,116090,4963.390,209446561.10995,0
1644775200000,42251.40,42383.98,41850.00,41965.33,14604.993,1644778799999,614394953.33114,149617,6906.236,290559594.04018,0
1644778800000,41965.01,42169.00,41860.00,42015.27,9465.986,1644782399999,397682893.90751,107784,4579.613,192421150.25777,0
1644782400000,42015.26,42435.56,41922.53,42421.79,9304.931,1644785999999,392886758.85577,100710,5033.214,212542420.85394,0
1644786000000,42421.78,42477.00,42170.21,42180.55,6391.512,1644789599999,270407358.18970,81220,3130.026,132453451.67662,0
1644789600000,42181.31,42414.78,42178.40,42353.38,4841.281,1644793199999,204806304.61784,57703,2472.181,104583114.24796,0
1644793200000,42353.38,42381.35,41980.00,42041.13,10112.840,1644796799999,426430070.22859,107519,4856.108,204811572.07885,0
1644796800000,42041.12,42169.02,41920.00,42099.98,9210.268,1644800399999,387207531.41286,102283,4772.025,200636361.10222,0
1644800400000,42099.97,42134.09,41526.00,41663.77,17730.394,1644803999999,740267934.18116,180742,8011.251,334548365.78813,0
1644804000000,41663.77,41826.00,41589.99,41690.84,8084.610,1644807599999,337406903.85650,84664,4153.577,173375508.12400,0
1644807600000,41690.83,41949.00,41601.00,41892.95,8773.461,1644811199999,367066147.30208,90290,4641.553,194200594.21200,0
1644811200000,41892.94,41968.45,41817.20,41940.00,5028.318,1644814799999,210697171.53663,57725,2435.958,102077241.68550,0
1644814800000,41940.00,41990.00,41750.15,41765.24,5366.739,1644818399999,224629440.59292,60902,2251.764,94259333.93699,0
1644818400000,41766.46,42273.72,41720.23,42154.26,12187.359,1644821999999,511912809.12593,115274,7002.855,294113852.85679,0
1644822000000,42154.08,42357.91,42082.05,42290.41,8949.228,1644825599999,377714178.46732,107743,4838.339,204246806.10274,0
1644825600000,42290.41,42400.00,42000.01,42027.43,13540.771,1644829199999,571480770.41201,139573,6536.447,275892442.28342,0
1644829200000,42027.42,42204.99,41949.00,42067.01,11202.176,1644832799999,471335048.84416,115208,5877.867,247323862.67194,0
1644832800000,42069.13,42277.00,41906.44,42205.42,8608.563,1644836399999,362627211.84501,96157,4285.189,180551446.65567,0
1644836400000,42205.42,42260.24,42050.00,42107.81,6357.357,1644839999999,268008389.63648,70349,2968.632,125166007.98133,0
1644840000000,42107.81,42570.00,41950.00,42500.07,24138.497,1644843599999,1020954947.88587,227709,13847.426,585876905.68116,0
1644843600000,42500.07,42670.57,42366.00,42465.61,18188.032,1644847199999,773256342.16286,187870,9154.704,389262292.04744,0
1644847200000,42465.61,42846.84,42443.98,42500.00,21638.611,1644850799999,921995195.59873,208039,11225.667,478445948.18042,0
1644850800000,42500.00,42637.00,42330.00,42565.00,18129.624,1644854399999,770358099.46940,169048,9294.549,395019196.05989,0
1644854400000,42565.00,42798.99,42526.69,42624.97,13289.883,1644857999999,567156102.70523,130870,6523.600,278411629.20019,0
1644858000000,42624.97,42888.00,42479.15,42553.66,12647.684,1644861599999,538989724.58400,107918,6524.743,278167665.59815,0
1644861600000,42553.66,42640.47,42190.00,42227.85,14341.510,1644865199999,608398531.29276,123538,6758.034,286826555.48805,0
1644865200000,42227.84,42293.73,41783.11,42102.29,31047.068,1644868799999,1305399655.94697,286700,15714.871,660841559.94847,0
1644868800000,42102.28,42289.22,41971.57,42171.93,10870.420,1644872399999,458254421.60780,115079,5686.377,239734311.41867,0
1644872400000,42170.22,42270.00,42072.37,42215.33,4199.661,1644875999999,177157464.91023,52407,2052.667,86594426.07917,0
1644876000000,42215.34,42749.99,42210.00,42659.99,12828.020,1644879599999,546015162.78667,135218,6937.911,295237117.30879,0
1644879600000,42660.00,42784.10,42515.00,42525.14,7632.679,1644883199999,325656556.22225,71930,3606.926,153924856.62416,0
1644883200000,42525.14,42654.62,42406.23,42561.04,6604.200,1644886799999,280842611.10507,65684,3340.925,142105442.81193,0
1644886800000,42561.03,43631.19,42508.13,43443.33,26677.554,1644890399999,1152146416.26425,256708,15673.881,676765826.31160,0
1644890400000,43445.46,43679.71,43367.81,43538.01,13833.899,1644893999999,601818762.78704,133395,7102.423,309013535.32408,0
1644894000000,43538.01,43641.00,43470.41,43535.10,6132.138,1644897599999,267117531.52312,72428,2880.278,125474578.79461,0
1644897600000,43535.10,43777.00,43440.00,43445.10,8990.229,1644901199999,391594580.55801,84186,4684.226,204101047.64362,0
1644901200000,43445.00,43600.00,43368.10,43543.20,5692.099,1644904799999,247591110.71787,58626,2914.457,126789356.68281,0
1644904800000,43543.20,43650.00,43492.80,43523.70,5110.816,1644908399999,222719783.46611,55085,2307.618,100588898.15363,0
1644908400000,43523.80,43744.80,43498.80,43665.70,7217.542,1644911999999,314869537.35172,80994,3920.729,171061387.84194,0
1644912000000,43665.80,44181.00,43579.40,43970.40,24123.897,1644915599999,1058583967.50027,225246,13248.318,581450210.88027,0
1644915600000,43970.40,44099.00,43823.60,44027.50,11832.560,1644919199999,520001513.59887,115426,5927.541,260525519.09790,0
1644919200000,44027.60,44374.00,43935.60,44235.00,16836.857,1644922799999,743456395.28587,164639,8961.611,395815659.93233,0
1644922800000,44235.10,44442.30,44079.30,44214.40,13772.929,1644926399999,609429918.25653,136173,6600.767,292149289.16895,0
1644926400000,44214.30,44325.00,44106.70,44161.80,10479.429,1644929999999,463243734.48499,104643,4756.361,210281872.79135,0
1644930000000,44161.90,44293.00,44000.10,44230.90,13711.246,1644933599999,605743323.84779,128237,6283.785,277666565.67498,0
1644933600000,44230.80,44489.00,44160.00,44235.00,20748.772,1644937199999,919702929.54251,184307,10329.072,457910790.73392,0
1644937200000,44235.10,44277.00,44102.00,44190.30,11186.823,1644940799999,494364596.96180,115725,5734.910,253457400.61276,0
1644940800000,44190.30,44249.00,44004.00,44110.90,9835.615,1644944399999,433895055.85060,113883,4592.109,202602001.56469,0
1644944400000,44111.00,44148.70,43850.00,43928.20,14467.950,1644947999999,635940718.40393,139749,7107.019,312409448.70621,0
1644948000000,43928.30,44187.40,43870.00,44114.20,8990.700,1644951599999,396071500.17760,93380,5003.803,220454223.29282,0
1644951600000,44114.30,44120.10,43957.00,43989.60,5263.919,1644955199999,231780634.32129,59542,2396.403,105523367.25794,0
1644955200000,43989.70,44164.70,43960.10,44129.80,6837.266,1644958799999,301388460.42648,73641,3301.061,145514021.33389,0
1644958800000,44129.80,44149.60,43939.20,43975.00,4461.863,1644962399999,196449305.16004,56875,2103.866,92633068.89374,0
1644962400000,43975.00,44376.90,43970.00,44164.80,8248.280,1644965999999,364633429.20565,104413,4241.401,187495240.30038,0
1644966000000,44164.70,44777.00,44093.30,44529.60,15678.838,1644969599999,697613326.53712,159185,8548.207,380388256.43182,0
1644969600000,44529.70,44536.80,44105.60,44195.10,11019.755,1644973199999,487911933.71687,111119,5248.842,232403262.45206,0
1644973200000,44195.10,44195.10,43900.00,43987.20,9490.804,1644976799999,418122352.41254,92581,4060.595,178915986.46444,0
1644976800000,43987.10,44075.40,43885.00,44066.10,5027.772,1644980399999,221153503.94750,62172,2456.354,108062320.03346,0
1644980400000,44066.20,44146.50,43945.10,43970.90,5782.583,1644983999999,254690555.25785,60554,2576.269,113484937.99721,0
1644984000000,43970.90,43976.00,43650.40,43886.90,13630.688,1644987599999,596983573.70383,120997,5668.029,248262153.73961,0
1644987600000,43886.90,44125.30,43879.30,44044.90,8331.841,1644991199999,366726475.19405,82663,4377.152,192670714.21819,0
1644991200000,44044.90,44183.60,44012.00,44026.30,5528.491,1644994799999,243782380.22270,59263,2674.567,117952320.30345,0
1644994800000,44027.30,44175.00,43922.80,44165.50,6376.647,1644998399999,280860261.55497,72158,3392.094,149424718.06525,0
1644998400000,44165.60,44313.10,44119.00,44134.50,9437.884,1645001999999,417268882.06469,103002,4430.236,195887114.86352,0
1645002000000,44134.40,44231.10,43989.00,44002.80,6739.615,1645005599999,297282954.95210,79451,3146.923,138836391.23983,0
1645005600000,44002.70,44121.30,43860.00,44092.80,8410.958,1645009199999,370088819.60546,93590,4089.441,179974950.74196,0
1645009200000,44092.80,44257.80,44092.80,44160.60,7954.256,1645012799999,351398990.63631,79664,3927.499,173504687.74792,0
1645012800000,44160.70,44205.00,43958.10,44035.80,7662.783,1645016399999,337671914.39887,87835,3612.174,159198112.92835,0
1645016400000,44035.90,44147.00,43502.10,43638.90,25144.044,1645019999999,1101027471.10452,243120,11729.882,513810988.12267,0
1645020000000,43635.80,43734.20,43277.80,43492.20,25141.220,1645023599999,1095134157.73840,240337,11766.092,512697648.41537,0
1645023600000,43492.20,43689.40,43452.90,43588.50,13370.861,1645027199999,583010540.05533,123416,7382.619,321928040.20438,0
1645027200000,43591.60,43720.00,43336.50,43630.00,13468.283,1645030799999,586267264.70494,122698,6525.138,284157995.68543,0
1645030800000,43630.00,43690.00,43528.60,43560.20,7800.879,1645034399999,340121782.04713,69786,3783.881,165001648.32128,0
1645034400000,43560.20,43885.30,43500.00,43817.80,10438.932,1645037999999,456196806.54097,96400,5499.814,240399994.55588,0
1645038000000,43817.90,44330.00,43650.00,44202.20,26939.182,1645041599999,1187668340.69153,250793,13779.704,607580255.81666,0
1645041600000,44202.10,44377.00,44060.60,44078.70,9047.662,1645045199999,399917868.03980,97093,4277.212,189105264.15809,0
1645045200000,44078.60,44157.00,43850.00,44050.40,6499.784,1645048799999,286120129.83085,71144,2970.485,130816432.16125,0
1645048800000,44050.50,44134.90,43937.90,44000.00,5229.158,1645052399999,230307900.25133,60013,2496.565,109966769.26049,0
1645052400000,43999.90,44153.00,43820.00,43860.70,7316.205,1645055999999,321834038.67575,63904,3191.997,140461820.72677,0
1645056000000,43860.80,44090.40,43810.00,44050.20,7000.583,1645059599999,307362644.94647,73163,3774.042,165730459.02444,0
1645059600000,44050.10,44150.00,43958.30,44001.90,6166.390,1645063199999,271627730.22383,63029,2842.953,125256870.85691,0
1645063200000,44001.80,44092.10,43820.00,43994.20,7272.588,1645066799999,319655277.18224,69963,3604.727,158465363.09122,0
1645066800000,43994.20,44013.60,43555.70,43574.30,11073.759,1645070399999,485014074.23348,102529,4587.370,201023565.50117,0
1645070400000,43574.30,43707.00,43320.10,43600.00,17371.137,1645073999999,755840485.58078,163143,8968.829,390250768.35430,0
1645074000000,43600.10,43705.00,43495.70,43613.80,5445.638,1645077599999,237473516.26252,63335,2747.373,119819889.64697,0
1645077600000,43612.50,43880.20,43562.30,43819.90,8190.098,1645081199999,358292910.55828,87016,4273.763,186974145.09390,0
1645081200000,43820.00,43941.00,43736.00,43902.40,5803.606,1645084799999,254319027.28272,65492,2984.746,130797989.26031,0
1645084800000,43902.30,44020.00,43302.00,43461.40,23934.223,1645088399999,1043338705.93746,214076,10956.057,477501045.90716,0
1645088400000,43461.40,43530.00,42890.00,43214.70,23328.142,1645091999999,1007515713.29519,221556,10773.055,465401794.01839,0
1645092000000,43214.70,43328.00,42904.40,43050.00,10694.494,1645095599999,461471448.78318,114788,4966.431,214367255.84242,0
1645095600000,43049.90,43209.00,42960.00,43158.20,8145.287,1645099199999,351091346.49839,97567,4350.779,187546848.34037,0
1645099200000,43158.30,43347.80,43136.20,43207.50,10715.460,1645102799999,463574135.70804,105354,5292.462,228975251.04227,0
1645102800000,43207.40,43288.50,42140.00,42242.60,42373.187,1645106399999,1804415057.95341,388679,18780.207,799717090.89738,0
1645106400000,42242.30,42384.20,41840.00,41919.90,36015.907,1645109999999,1516916790.17022,333307,16991.199,715878868.63290,0
1645110000000,41920.50,42125.40,41664.00,41907.70,27790.790,1645113599999,1164768012.32492,256349,13705.123,574571054.48162,0
1645113600000,41907.80,42089.80,41570.00,41968.80,26876.901,1645117199999,1126495598.46405,225940,13282.508,556936611.54863,0
1645117200000,41968.70,41984.70,41600.00,41730.00,14526.588,1645120799999,607259662.12348,141088,6543.372,273563968.64524,0
1645120800000,41731.40,41864.30,40711.00,41265.00,51695.911,1645124399999,2128659687.17084,446626,23228.366,956580068.81012,0
1645124400000,41264.90,41264.90,40923.80,41177.10,13017.246,1645127999999,534978089.10576,136384,6244.883,256667469.82803,0
1645128000000,41177.10,41177.10,40830.00,40865.60,15146.293,1645131599999,620764103.63118,147276,7258.860,297521624.18265,0
1645131600000,40865.50,40935.00,40020.10,40643.40,40856.162,1645135199999,1653291535.97156,365324,19535.665,790708134.24423,0
1645135200000,40643.30,40739.00,40383.80,40691.70,11692.202,1645138799999,474297457.10471,121519,5903.101,239491981.21883,0
1645138800000,40691.70,40730.60,40423.00,40491.70,8826.392,1645142399999,358291675.83181,89822,4254.034,172710711.10961,0
1645142400000,40491.80,40655.00,40273.00,40545.00,12614.607,1645145999999,510411193.52548,135949,6648.603,269049862.16576,0
1645146000000,40543.10,40944.10,40350.00,40766.50,15175.727,1645149599999,617383849.35265,143322,8490.261,345465795.96626,0
1645149600000,40766.50,40874.90,40645.00,40745.50,6582.209,1645153199999,268111737.40861,69338,3313.041,134971365.79227,0
1645153200000,40745.50,40757.80,40556.00,40677.00,5012.222,1645156799999,203747452.40056,60214,2261.934,91952973.79737,0
1645156800000,40677.00,40756.80,40467.00,40492.70,6180.289,1645160399999,251052828.62519,69723,2666.388,108348652.80126,0
1645160400000,40492.80,40685.00,40467.10,40607.90,5502.397,1645163999999,223310067.06071,61243,2964.896,120320930.45227,0
1645164000000,40607.90,40720.00,40543.30,40690.00,4481.958,1645167599999,182153536.36402,64009,2283.032,92796866.24815,0
1645167600000,40690.00,40759.00,40530.10,40637.00,6000.847,1645171199999,243841660.81933,74823,2871.622,116697007.87816,0
1645171200000,40637.10,40938.00,40624.90,40837.40,8654.361,1645174799999,352794712.34449,100861,4843.573,197477148.67698,0
1645174800000,40837.30,40894.80,40741.30,40846.20,5879.068,1645178399999,239963755.56418,77070,3002.059,122544877.29611,0
1645178400000,40846.30,40847.20,40666.00,40769.60,6056.501,1645181999999,246805900.87757,71612,2894.244,117944160.49358,0
1645182000000,40769.60,40786.50,40073.10,40167.20,27596.877,1645185599999,1113092611.17763,254368,11917.333,480661151.10508,0
1645185600000,40167.20,40549.00,40054.90,40418.00,16253.550,1645189199999,655579539.55528,153722,9058.324,365383389.60742,0
1645189200000,40418.00,40520.70,40160.50,40366.00,14008.237,1645192799999,565048879.03874,132320,7183.346,289785598.51487,0
1645192800000,40366.10,40510.00,39622.00,40460.00,51551.110,1645196399999,2063604724.34636,420953,25539.352,1022689538.56322,0
1645196400000,40461.00,40782.90,39605.80,39805.10,53503.489,1645199999999,2145755693.01604,431086,25655.505,1029224627.88770,0
1645200000000,39805.20,40429.70,39422.00,39923.90,55174.903,1645203599999,2204648029.06934,410521,28415.585,1135946872.68586,0
1645203600000,39923.90,40378.90,39906.20,40016.50,20733.168,1645207199999,831505313.95758,199089,11001.221,441286715.44944,0
1645207200000,40016.50,40225.40,39770.00,40131.40,14782.418,1645210799999,590923326.81177,146594,8043.366,321596472.70527,0
1645210800000,40131.40,40328.00,40032.60,40196.20,9635.933,1645214399999,386979715.25643,99574,4985.293,200234585.16432,0
1645214400000,40196.20,40269.20,39923.00,40014.10,9356.444,1645217999999,374826943.00043,102504,4536.329,181741607.14468,0
1645218000000,40010.20,40147.00,39876.00,39952.30,8148.862,1645221599999,326073596.14045,83096,4116.104,164696140.30186,0
1645221600000,39952.30,40050.00,39712.70,39921.60,9925.200,1645225199999,395692389.01388,108954,4763.289,189919687.73122,0
1645225200000,39921.50,40074.10,39861.20,39966.80,4869.405,1645228799999,194782455.00801,60205,2533.666,101362187.93896,0
1645228800000,39966.80,40243.00,39896.80,40194.90,6646.261,1645232399999,266544203.47041,75349,3710.881,148857629.39990,0
1645232400000,40194.80,40295.20,40038.00,40142.10,7017.242,1645235999999,281873445.10444,67514,3492.915,140332066.26953,0
1645236000000,40142.00,40197.70,40050.00,40138.70,3437.636,1645239599999,137940978.89371,39545,1760.673,70652053.43188,0
1645239600000,40138.80,40210.00,40040.00,40107.60,3349.156,1645243199999,134348893.70204,42793,1659.100,66560852.97555,0
1645243200000,40107.70,40273.70,40053.00,40198.40,4225.536,1645246799999,169726923.18254,53944,2228.256,89513372.62595,0
1645246800000,40198.50,40230.10,40127.30,40214.10,3069.962,1645250399999,123361286.94340,39322,1566.793,62960493.75088,0
1645250400000,40214.10,40438.70,40182.50,40347.50,8028.469,1645253999999,323712531.32692,85705,4582.297,184785122.48487,0
1645254000000,40347.50,40395.00,40222.70,40245.80,4790.669,1645257599999,193049445.95930,58622,2269.921,91476408.63668,0
1645257600000,40246.10,40278.80,39910.30,39961.40,9408.410,1645261199999,377303207.75680,100076,4065.627,163071797.11417,0
1645261200000,39961.50,40049.10,39866.00,39913.70,9734.026,1645264799999,388926610.53794,108726,4744.227,189587511.37102,0
1645264800000,39913.70,39959.80,39736.60,39926.20,10882.250,1645268399999,433632718.20784,110745,5234.755,208611921.65470,0
1645268400000,39926.20,40027.00,39620.30,39822.80,14953.444,1645271999999,595014971.97542,149493,6947.820,276523154.40647,0
1645272000000,39822.80,39938.70,39650.00,39743.70,11105.632,1645275599999,441962111.98067,111665,5781.948,230123913.73574,0
1645275600000,39743.20,40050.00,39610.30,39994.00,15879.794,1645279199999,632997258.27965,150520,8829.182,351981703.61076,0
1645279200000,39994.00,39994.00,39753.30,39850.60,8583.549,1645282799999,342295062.99654,90726,4022.350,160394253.39891,0
1645282800000,39850.70,39987.20,39800.00,39950.10,6216.885,1645286399999,248210939.06150,66394,3232.122,129038706.42428,0
1645286400000,39950.10,40341.50,39811.20,39929.50,19496.197,1645289999999,782246433.70717,188608,10203.116,409449475.25343,0
1645290000000,39929.40,40159.90,39857.00,40126.10,8939.662,1645293599999,357772902.14891,87952,4983.275,199456782.29695,0
1645293600000,40126.10,40200.00,40021.70,40099.90,4795.447,1645297199999,192284971.29912,53571,2488.740,99805556.88081,0
1645297200000,40100.00,40109.90,39875.70,39959.00,6476.114,1645300799999,258896717.69250,69922,3106.652,124193257.42438,0
1645300800000,39957.90,40092.50,39919.00,40042.00,3463.212,1645304399999,138595950.23384,41511,1768.066,70756633.90141,0
1645304400000,40042.00,40052.70,39777.00,39903.30,6671.575,1645307999999,266075921.83338,69248,3153.595,125768295.99486,0
1645308000000,39903.20,40034.10,39850.20,39991.90,4019.102,1645311599999,160576713.21129,47385,2117.397,84601959.23748,0
1645311600000,39991.60,40119.00,39936.10,40052.60,4434.445,1645315199999,177558473.62436,54147,2278.089,91226342.13291,0
1645315200000,40052.60,40100.10,39852.00,39909.00,5486.822,1645318799999,219195318.35004,59502,2576.482,102921693.97355,0
1645318800000,39908.90,39999.30,39802.00,39977.10,4596.074,1645322399999,183390131.83175,52747,2247.053,89665336.32065,0
1645322400000,39977.10,39995.00,39808.30,39827.80,4623.075,1645325999999,184505814.96344,48165,2249.765,89793927.25530,0
1645326000000,39827.90,39881.60,39660.30,39778.10,8348.452,1645329599999,332137672.59355,86553,3562.310,141745405.01997,0
1645329600000,39778.10,39828.50,39442.90,39532.70,13891.731,1645333199999,550371392.13753,121518,6370.754,252481842.87683,0
1645333200000,39532.70,39680.00,39230.00,39340.90,15550.826,1645336799999,613724209.05161,139341,7015.021,277025813.74974,0
1645336800000,39340.80,39426.60,38666.00,38782.80,36934.954,1645340399999,1438913211.88255,291731,16686.708,650113116.45846,0
1645340400000,38782.80,38872.90,38553.50,38770.40,20941.985,1645343999999,810704164.58163,174355,10525.336,407535440.47535,0
1645344000000,38770.30,38830.00,38055.00,38142.40,36280.840,1645347599999,1391803214.02372,289576,16722.900,641528696.81653,0
1645347600000,38142.40,38398.50,37905.00,38160.00,24197.617,1645351199999,923873061.83051,202971,12383.333,472987540.75732,0
1645351200000,38160.10,38347.60,38111.00,38166.70,10801.396,1645354799999,413156634.43408,108687,5459.522,208840828.60042,0
1645354800000,38165.00,38330.00,38095.80,38316.00,8738.682,1645358399999,333989222.63586,81309,4450.633,170127240.19445,0
1645358400000,38316.00,38594.00,38173.80,38189.90,21317.063,1645361999999,817985727.09339,173915,10831.892,415756759.27690,0
1645362000000,38189.90,38315.40,38155.50,38184.80,8395.543,1645365599999,320919315.93815,80863,4374.014,167212579.71565,0
1645365600000,38184.90,38295.40,38000.00,38180.20,16863.512,1645369199999,643127155.24145,161345,8458.818,322633097.49581,0
1645369200000,38180.10,38396.70,38151.00,38308.90,9666.238,1645372799999,369879442.69878,97356,5291.117,202485809.37647,0
1645372800000,38309.00,38479.90,38229.70,38246.30,13503.533,1645376399999,518009134.50869,127818,6838.146,262337639.82608,0
1645376400000,38246.30,38380.00,38184.90,38258.30,5337.185,1645379999999,204334540.73527,61375,2767.847,105989311.67729,0
1645380000000,38258.20,38435.70,38162.00,38413.20,7294.963,1645383599999,279481556.96842,76948,3930.689,150619043.85673,0
1645383600000,38413.20,38413.30,38310.10,38379.10,3117.671,1645387199999,119630127.44353,42026,1559.559,59846085.04310,0
1645387200000,38379.20,38379.20,38237.10,38298.00,4332.866,1645390799999,165925826.72179,51740,2117.977,81109286.61980,0
1645390800000,38297.90,38340.00,38026.20,38227.80,11491.244,1645394399999,438360053.78792,108847,5490.884,209487956.28900,0
1645394400000,38227.80,38855.00,38225.00,38795.60,17112.801,1645397999999,659510226.87925,146670,10084.853,388770234.01550,0
1645398000000,38795.60,38958.20,38320.00,38368.10,20915.371,1645401599999,808317886.48920,179902,10146.455,392340468.44497,0
1645401600000,38367.90,38738.70,38177.00,38719.20,16333.343,1645405199999,627217167.47013,138902,8842.719,339656358.53390,0
1645405200000,38719.10,39385.00,38525.00,39111.80,30803.102,1645408799999,1202639826.45952,262122,16404.486,640675452.57818,0
1645408800000,39111.90,39225.10,39001.50,39087.90,9433.425,1645412399999,368964166.54712,92695,4870.441,190527022.32943,0
1645412400000,39087.90,39230.80,38778.60,38900.10,11871.918,1645415999999,462847737.37248,107995,5521.407,215317292.63443,0
1645416000000,38900.00,39375.00,38883.60,39273.10,12576.991,1645419599999,492038061.55145,102852,7389.657,289103226.55812,0
1645419600000,39273.10,39510.00,39182.10,39204.80,10560.610,1645423199999,415001998.35508,99621,5124.495,201465457.04449,0
1645423200000,39203.10,39246.80,39120.70,39180.00,6471.570,1645426799999,253612363.01100,65924,3322.849,130231686.83092,0
1645426800000,39180.60,39295.00,39050.00,39266.20,9940.932,1645430399999,389398166.76831,94156,4853.318,190139419.86786,0
1645430400000,39266.00,39335.00,39008.00,39045.10,10307.874,1645433999999,403664721.05396,104118,4620.581,180985785.42540,0
1645434000000,39045.10,39099.90,38850.10,38913.60,11683.945,1645437599999,455351449.53052,114925,5602.559,218381562.03966,0
1645437600000,38913.70,38974.70,38205.00,38282.20,30838.686,1645441199999,1187328452.79469,264115,13714.188,527982073.55293,0
1645441200000,38282.20,38419.00,37314.50,37549.90,48770.295,1645444799999,1843701670.74911,416058,22412.519,847237771.91542,0
1645444800000,37550.00,37751.00,37377.50,37523.70,33268.806,1645448399999,1249179865.65165,283697,17110.869,642610351.69674,0
1645448400000,37523.60,37694.20,37171.20,37538.50,35393.203,1645451999999,1324937330.28194,286173,17583.891,658524096.50775,0
1645452000000,37538.40,38912.60,37456.50,38652.70,68047.873,1645455599999,2610353043.28082,506135,36329.736,1392801380.15974,0
1645455600000,38650.70,39300.00,38601.00,38804.50,44973.392,1645459199999,1749538618.46971,365028,22989.986,894608116.55750,0
1645459200000,38804.50,39138.00,38623.30,38679.20,21296.655,1645462799999,827976091.13884,171891,10544.128,410050515.93613,0
1645462800000,38679.30,38817.80,38460.90,38516.10,15751.034,1645466399999,608841833.46272,130778,7397.055,285983021.43565,0
1645466400000,38516.10,38641.80,37530.00,37721.40,64232.068,1645469999999,2437474751.79909,474682,30737.480,1166166144.01448,0
1645470000000,37721.10,38367.10,37530.80,38114.50,37453.848,1645473599999,1419067970.15325,284726,19788.267,750122996.11230,0
1645473600000,38114.50,38450.00,37938.00,38230.50,15336.108,1645477199999,585477372.86377,132030,8391.620,320458522.33485,0
1645477200000,38230.50,38343.60,36855.00,37029.40,29284.017,1645480799999,1101452945.13209,242201,12954.464,487949159.25080,0
1645480800000,37029.00,37770.00,36762.00,37525.50,38806.663,1645484399999,1444967852.83818,356558,20759.472,773350205.84526,0
1645484400000,37525.50,37655.10,36800.00,36986.40,32955.457,1645487999999,1224507794.88305,262126,16243.848,603565318.03293,0
1645488000000,36986.40,37314.00,36818.60,37211.40,21624.954,1645491599999,802075371.12329,174512,11363.096,421552991.80062,0
1645491600000,37211.30,37449.40,36850.00,37234.80,20168.486,1645495199999,749322978.82390,165510,10628.812,394923652.73382,0
1645495200000,37234.80,37234.80,36875.00,36989.90,12735.206,1645498799999,471424102.25337,118418,6134.740,227128123.62491,0
1645498800000,36992.70,37005.40,36310.10,36580.00,31236.340,1645502399999,1141523885.95910,267339,14667.459,535957896.97481,0
1645502400000,36580.10,36789.80,36534.10,36605.00,12500.943,1645505999999,458407069.70661,117025,6350.691,232906988.23974,0
1645506000000,36604.90,37250.00,36545.80,36725.60,20888.272,1645509599999,769994183.53389,175694,11037.970,407002535.25002,0
1645509600000,36725.70,36986.00,36574.00,36842.30,17566.135,1645513199999,645813983.68463,159513,8717.164,320503832.36488,0
1645513200000,36842.30,36968.80,36500.00,36748.60,15170.994,1645516799999,557521344.27044,152576,7438.968,273480828.31611,0
1645516800000,36748.70,37147.00,36727.10,37081.20,14951.610,1645520399999,552473820.03962,151851,7888.117,291512456.73683,0
1645520400000,37081.20,37300.00,36977.00,37112.50,13815.522,1645523999999,513013310.97826,141812,6740.482,250329237.97287,0
1645524000000,37112.60,37868.00,37062.20,37682.50,30505.575,1645527599999,1144362123.17124,276758,17406.529,653147630.39520,0
1645527600000,37682.50,37745.90,37416.60,37504.70,16143.890,1645531199999,606507532.78094,168391,7625.936,286541587.24933,0
1645531200000,37504.70,37760.80,37260.00,37621.70,19510.977,1645534799999,732030755.07511,192740,9737.484,365439249.22048,0
1645534800000,37621.70,37960.00,37308.90,37824.90,18126.153,1645538399999,681615960.76538,184236,10076.418,379060802.01174,0
1645538400000,37824.90,38318.00,37384.50,38123.80,42817.231,1645541999999,1618134028.76086,388544,23085.811,873179196.14181,0
1645542000000,38123.80,38230.00,37661.00,37744.70,27271.941,1645545599999,1035258474.96901,264634,13131.021,498614548.50720,0
1645545600000,37744.60,37862.00,37450.10,37688.40,24880.626,1645549199999,936491856.27466,234427,12500.009,470619831.23485,0
1645549200000,37688.40,37816.80,37350.00,37619.90,18614.313,1645552799999,698941022.39647,174037,9239.697,347037498.87239,0
1645552800000,37619.90,37989.80,37526.70,37694.80,15718.029,1645556399999,592934894.28888,143838,7988.799,301461657.85192,0
1645556400000,37694.80,38142.30,37600.00,38039.60,22535.025,1645559999999,854102013.75626,216760,12107.156,458920961.01631,0
1645560000000,38039.70,38260.00,37756.00,37883.00,19520.813,1645563599999,741932151.54577,180332,9761.413,371216158.96233,0
1645563600000,37885.30,38034.50,37815.10,37863.20,6737.047,1645567199999,255565509.10328,76424,3717.831,141046326.64965,0
1645567200000,37863.20,37958.00,37736.00,37900.00,5426.452,1645570799999,205427695.27330,67121,2853.452,108034135.24787,0
1645570800000,37900.00,38450.00,37865.30,38212.00,16846.963,1645574399999,643452452.37681,148587,9201.905,351492529.32026,0
1645574400000,38212.10,38335.20,38008.40,38123.30,12734.197,1645577999999,486046475.53469,103426,6203.125,236817590.76041,0
1645578000000,38123.30,38146.40,37909.80,38043.30,8603.567,1645581599999,327240914.61555,76922,4125.449,156932777.00417,0
1645581600000,38043.80,38183.50,37500.40,37670.40,19119.331,1645585199999,722156382.02878,150996,8867.066,334969482.03444,0
1645585200000,37670.40,37772.60,37573.20,37730.40,6632.254,1645588799999,250026315.92769,68614,3435.209,129512893.10743,0
1645588800000,37730.40,38060.00,37687.70,37980.10,10919.481,1645592399999,413856321.26070,100819,6371.350,241493767.11720,0
1645592400000,37980.10,38099.80,37788.00,37955.00,9976.373,1645595999999,378311465.66853,88930,4996.979,189493048.53804,0
1645596000000,37960.00,38131.30,37887.20,37966.60,8427.938,1645599599999,320384708.38567,83525,3916.220,148884167.65851,0
1645599600000,37966.60,38190.00,37932.50,38121.60,8749.011,1645603199999,333128404.46377,93260,4631.744,176374988.69657,0
1645603200000,38121.50,38798.20,38052.80,38647.30,30716.264,1645606799999,1182987188.51207,258136,17468.027,672708313.86101,0
1645606800000,38647.50,38975.00,38570.10,38846.50,20659.444,1645610399999,801869609.28210,180119,10949.634,424969903.22503,0
1645610400000,38846.60,38935.60,38730.00,38847.60,10424.868,1645613999999,404890690.77141,103621,5061.520,196603317.42450,0
1645614000000,38847.50,39148.00,38717.20,38757.20,18840.378,1645617599999,732218727.05057,155835,9829.006,382190297.71795,0
1645617600000,38757.30,39099.70,38717.80,38995.00,13548.093,1645621199999,526840921.35352,126050,6821.764,265302795.54675,0
1645621200000,38995.00,39250.00,38864.10,38935.40,18217.175,1645624799999,710995275.46185,159066,8888.652,347065085.52699,0
1645624800000,38935.30,38973.60,38601.10,38640.30,22154.236,1645628399999,859858200.53040,186749,10648.079,413411001.71822,0
1645628400000,38640.30,38656.30,38433.00,38504.90,23386.708,1645631999999,901557792.92515,189578,11377.394,438666433.61365,0
1645632000000,38505.00,38700.00,38342.00,38626.00,24316.879,1645635599999,936471404.09985,194643,12368.702,476491214.87710,0
1645635600000,38627.40,38770.00,38000.00,38072.40,25928.069,1645639199999,995141226.34289,215531,10965.345,421143462.13718,0
1645639200000,38072.50,38092.80,37700.00,37762.70,26047.469,1645642799999,986528256.22342,223372,12568.948,476069434.62535,0
1645642800000,37762.70,37861.90,37522.00,37602.80,18105.411,1645646399999,682222118.48956,154012,8794.380,331470808.55406,0
1645646400000,37600.90,37729.70,37363.70,37664.50,19715.933,1645649999999,740657933.82905,167069,10287.736,386554097.90142,0
1645650000000,37662.30,37775.00,37406.90,37500.10,11421.894,1645653599999,429538462.64874,101911,5554.914,208930604.61885,0
1645653600000,37500.50,37649.70,37111.00,37625.10,17614.506,1645657199999,658472841.26578,174335,8573.834,320658054.04230,0
1645657200000,37625.10,37684.50,36963.20,37227.80,21796.776,1645660799999,812742435.21706,185037,10477.099,390719349.39663,0
1645660800000,37227.90,37400.00,36666.00,36741.00,26934.676,1645664399999,996689759.79221,219328,12507.574,462957463.12406,0
1645664400000,36741.00,37060.50,36600.00,36923.70,17528.928,1645667999999,645603851.47017,147389,9356.112,344685650.52688,0
1645668000000,36923.70,36995.00,35710.00,35896.50,28962.157,1645671599999,1055331875.35467,259106,11576.381,422482358.38019,0
1645671600000,35889.20,35920.80,34673.10,34907.80,89145.352,1645675199999,3149230808.16111,784230,43322.754,1530742563.73903,0
1645675200000,34907.80,35178.10,34509.20,35049.90,55023.008,1645678799999,1919862962.88468,479186,28912.609,1009068331.64620,0
1645678800000,35050.00,35080.70,34303.70,34658.10,45854.953,1645682399999,1587126158.17547,388292,22810.613,789543737.80641,0
1645682400000,34658.10,35088.00,34580.60,34876.90,27552.700,1645685999999,960412406.45842,263527,14784.450,515431884.43817,0
1645686000000,34877.60,35569.90,34378.00,35282.30,44758.717,1645689599999,1563788828.23477,379036,24139.259,843771323.15385,0
1645689600000,35282.30,35870.00,35159.60,35490.30,44948.963,1645693199999,1595145839.48726,383426,23675.199,840427761.58009,0
1645693200000,35490.20,35769.20,35260.00,35325.00,25452.650,1645696799999,904057993.93415,229065,12590.591,447340355.35055,0
1645696800000,35325.10,35481.20,34763.20,35184.00,33352.687,1645700399999,1171217829.66653,304017,16547.454,581271442.82846,0
1645700400000,35184.00,35618.00,34863.90,35425.40,28615.189,1645703999999,1006702072.53676,264802,15096.809,531283290.20882,0
1645704000000,35425.40,35477.00,35036.70,35244.50,22443.554,1645707599999,790730880.56509,211810,11381.990,401100539.56522,0
1645707600000,35244.60,35671.20,35120.00,35449.10,24519.377,1645711199999,868533242.57865,243012,12899.960,457048624.29508,0
1645711200000,35449.20,35887.00,35125.60,35619.60,50358.294,1645714799999,1787624981.15821,436874,26239.906,931801320.27047,0
1645714800000,35619.70,36126.10,35364.70,35892.20,47675.712,1645718399999,1703955430.36336,455163,24688.519,882782312.60846,0
1645718400000,35892.20,36288.00,35818.30,36119.80,39765.488,1645721999999,1434379918.55449,361319,20896.869,754004241.25833,0
1645722000000,36119.70,36141.70,35700.10,35815.10,19265.179,1645725599999,691189216.89305,189520,9575.951,343556840.10530,0
1645725600000,35815.10,36774.50,35772.40,36372.60,39810.561,1645729199999,1443543540.62413,315903,22410.078,812783652.75058,0
1645729200000,36371.70,37365.10,36200.00,37272.30,50750.623,1645732799999,1867462265.36337,434899,28048.373,1032448495.15046,0
1645732800000,37272.30,40376.10,37252.80,38412.70,101372.990,1645736399999,3906113572.60079,806719,54945.116,2117381119.69841,0
1645736400000,38412.70,38709.10,38167.40,38384.10,22056.829,1645739999999,846672966.16282,206028,12224.068,469353359.30187,0
1645740000000,38384.20,38481.40,37738.70,37862.30,18473.598,1645743599999,703635538.44288,205519,8965.178,341567898.64616,0
1645743600000,37860.60,38406.60,37860.50,38315.10,15198.722,1645747199999,580239117.38737,154477,8583.621,327692823.34319,0
1645747200000,38316.20,38778.50,38203.90,38211.90,17625.524,1645750799999,677835784.40812,168914,9272.112,356610026.15956,0
1645750800000,38212.00,38960.00,38116.30,38547.80,18970.991,1645754399999,730485074.63073,180435,10077.321,388089744.35207,0
1645754400000,38547.70,38799.00,38455.00,38779.70,10266.032,1645757999999,396671551.89291,112568,5144.775,198823220.19456,0
1645758000000,38779.80,39000.00,38494.00,38899.40,14625.194,1645761599999,566630782.60558,145129,7665.554,297085768.42141,0
1645761600000,38899.00,38912.70,38631.40,38703.80,9605.297,1645765199999,372272164.31844,105041,4583.959,177668052.61137,0
1645765200000,38703.70,38755.30,38260.00,38438.90,12858.876,1645768799999,494790914.55281,132358,6152.074,236727132.60227,0
1645768800000,38438.90,38748.70,38365.10,38695.40,9890.606,1645772399999,381613550.51736,107046,5299.151,204493370.88992,0
1645772400000,38693.90,38800.00,38360.10,38462.50,11264.295,1645775999999,434382618.73181,135399,5497.449,212053073.02816,0
1645776000000,38462.50,38514.00,38138.30,38328.90,16088.571,1645779599999,616423990.08163,176151,7795.683,298727528.85850,0
1645779600000,38328.80,38750.50,37999.20,38656.30,19944.532,1645783199999,763914134.30757,204480,10833.829,415262525.62722,0
1645783200000,38658.90,38780.00,38442.90,38564.40,13508.416,1645786799999,521312268.03866,149130,6588.775,254286167.78761,0
1645786800000,38564.40,38878.50,38328.50,38730.00,17837.776,1645790399999,688328744.32358,178561,9159.594,353566319.32039,0
1645790400000,38730.00,39588.60,38717.10,39338.10,33253.712,1645793999999,1298867659.19312,330318,18523.477,723895063.87042,0
1645794000000,39338.10,39750.00,39209.10,39340.20,28241.065,1645797599999,1113037489.38153,277073,15170.928,598076804.11069,0
1645797600000,39340.30,39463.20,38863.60,38990.00,28055.688,1645801199999,1099667754.60200,273475,13852.766,543261712.10972,0
1645801200000,38990.00,39592.50,38669.60,39388.50,38257.956,1645804799999,1495405410.04970,361593,20489.369,801093561.40900,0
1645804800000,39388.50,39584.20,39163.30,39360.50,18275.884,1645808399999,719436013.94534,188991,9256.821,364482614.55746,0
1645808400000,39360.60,39385.00,38860.00,38965.00,16688.470,1645811999999,652151341.00267,174234,7608.110,297360845.97279,0
1645812000000,38965.10,39037.10,38523.30,38645.20,18890.379,1645815599999,731628270.39315,196631,9311.782,360675686.47369,0
1645815600000,38645.10,38949.20,38519.20,38667.30,15195.690,1645819199999,588478392.80078,147034,8005.524,310067507.78740,0
1645819200000,38667.30,39300.00,38585.00,39091.70,12716.098,1645822799999,494800467.57747,141482,7354.770,286255200.66642,0
1645822800000,39094.20,39200.10,38912.70,38945.80,7498.821,1645826399999,292870181.78941,87091,3531.232,137932572.16385,0
1645826400000,38946.60,39482.50,38838.60,39400.10,11087.402,1645829999999,434209364.10991,130910,5800.797,227271837.92867,0
1645830000000,39400.10,39594.60,39110.00,39205.40,15669.091,1645833599999,616179847.90544,169162,7602.450,299039499.63366,0
1645833600000,39205.40,40441.10,39053.40,39748.30,29288.473,1645837199999,1164212056.60324,276562,16490.399,655729152.71267,0
1645837200000,39748.30,39815.80,39544.00,39686.80,9587.162,1645840799999,380507687.74554,100538,4472.810,177546837.30349,0
1645840800000,39686.30,39715.40,39448.50,39540.90,7788.893,1645844399999,308303801.73322,82557,3702.159,146561427.36676,0
1645844400000,39541.00,39588.20,39222.00,39380.00,9229.103,1645847999999,363570746.46466,90319,3857.798,151985562.08671,0
1645848000000,39380.00,39467.50,39248.90,39354.30,6200.851,1645851599999,244188564.60009,70238,2945.292,115996242.56346,0
1645851600000,39354.30,39374.10,38935.60,39009.70,10453.477,1645855199999,409281007.95838,113613,4906.577,192118633.21590,0
1645855200000,39009.80,39210.20,38998.40,39123.90,6622.529,1645858799999,259013625.68840,75368,3638.126,142290904.64235,0
1645858800000,39124.00,39200.00,38952.70,39199.80,7618.542,1645862399999,297740050.89337,87072,3850.217,150495654.73302,0
1645862400000,39199.80,39577.00,38664.00,38772.40,23693.917,1645865999999,925469556.70623,219945,10757.971,420522745.04551,0
1645866000000,38772.40,38921.50,38561.70,38780.80,14659.429,1645869599999,568219027.83240,149643,7326.526,284057832.56167,0
1645869600000,38781.40,39050.00,38745.00,38983.10,9383.106,1645873199999,365316477.70698,105255,5034.496,196030109.86955,0
1645873200000,38983.10,39169.60,38764.80,38921.00,10136.774,1645876799999,394864950.43405,111210,5239.900,204197685.04431,0
1645876800000,38921.00,39020.60,38757.20,38977.30,7643.791,1645880399999,297234691.85856,90395,3985.910,155029019.23277,0
1645880400000,38976.50,39238.40,38895.10,39069.10,10153.098,1645883999999,396773654.08521,119970,5218.775,203975792.87221,0
1645884000000,39069.20,39409.70,38916.00,39187.20,12134.866,1645887599999,474920175.10446,126313,6322.017,247519715.92810,0
1645887600000,39187.10,39345.00,39119.00,39192.00,8032.019,1645891199999,315089922.70382,101869,4060.294,159308653.28158,0
1645891200000,39192.00,39300.00,39010.60,39129.20,7222.494,1645894799999,282804320.01052,88761,3574.012,139956186.98466,0
1645894800000,39131.20,39297.00,39075.40,39229.80,5931.789,1645898399999,232391577.78117,68665,3027.969,118641975.95037,0
1645898400000,39229.80,39243.00,38800.00,39090.90,11231.843,1645901999999,437796858.03849,123190,5268.506,205351526.39004,0
1645902000000,39090.50,39447.40,39077.40,39238.40,9661.067,1645905599999,379169551.44110,111946,5178.514,203266640.10901,0
1645905600000,39238.40,39434.40,39194.50,39303.00,4065.109,1645909199999,159761342.43075,57877,2186.165,85927557.22437,0
1645909200000,39303.00,39700.00,39266.60,39420.90,11731.150,1645912799999,463142569.27877,127777,6448.937,254664560.17521,0
1645912800000,39421.00,39450.00,39040.70,39126.70,8446.462,1645916399999,331233039.27585,93610,3535.721,138641954.82066,0
1645916400000,39126.70,39166.00,38888.00,39099.30,10976.257,1645919999999,428218342.06670,104613,5617.062,219178135.99027,0
1645920000000,39099.30,39244.00,38689.00,38766.50,12194.018,1645923599999,474606365.13358,132226,5503.556,214254029.56381,0
1645923600000,38766.40,38837.90,38200.00,38228.30,19458.000,1645927199999,748042239.17426,186344,8560.340,329109659.95157,0
1645927200000,38227.60,38565.80,38162.00,38512.80,9494.629,1645930799999,364735052.88460,100600,5173.701,198790256.47580,0
1645930800000,38512.80,38684.90,38495.30,38584.10,6699.832,1645934399999,258614706.46363,68616,3726.103,143846902.45513,0
1645934400000,38584.20,38643.40,38440.10,38530.50,6088.330,1645937999999,234683357.30171,64856,2818.142,108658450.91380,0
1645938000000,38530.60,38770.10,38434.60,38563.10,7549.046,1645941599999,291519659.70006,76621,4348.044,167948576.71867,0
1645941600000,38563.10,38864.50,38554.00,38757.20,6287.607,1645945199999,243410114.20413,72179,3697.021,143129973.23083,0
1645945200000,38757.30,38847.90,38721.20,38770.30,5530.658,1645948799999,214516775.65120,71356,2590.412,100479685.21540,0
1645948800000,38769.80,38883.70,38605.00,38787.20,10802.049,1645952399999,418538232.24629,112738,5380.234,208529549.14484,0
1645952400000,38787.10,39134.70,38729.10,39053.70,13217.133,1645955999999,514832959.21250,135428,7113.020,277101880.66446,0
1645956000000,39053.80,39455.60,38966.50,39349.60,16594.307,1645959599999,651032983.49148,172824,9277.977,364038229.76169,0
1645959600000,39349.60,39549.90,39222.00,39463.40,14976.202,1645963199999,590197298.56390,144420,7751.244,305511334.09239,0
1645963200000,39463.40,39868.60,39340.00,39733.70,20562.140,1645966799999,814043348.54596,190522,11215.174,444151355.67579,0
1645966800000,39733.70,39790.30,38500.00,39029.90,47374.948,1645970399999,1853019793.77883,404322,22322.743,872910052.60710,0
1645970400000,39029.90,39168.00,38640.00,38773.20,24216.358,1645973999999,941774612.02118,236046,11991.146,466402315.55920,0
1645974000000,38773.20,39423.80,38714.50,39329.10,23386.312,1645977599999,915279648.80824,218218,13055.671,510926036.04274,0
1645977600000,39330.10,39447.70,38911.20,39071.50,13734.404,1645981199999,537351495.36682,136476,6525.569,255347535.14080,0
1645981200000,39071.10,39119.90,38900.00,38956.10,6657.278,1645984799999,259758621.43248,72485,3096.086,120837582.20565,0
1645984800000,38956.10,39146.10,38760.00,38900.10,10524.871,1645988399999,409921083.01295,110540,5009.801,195170091.71371,0
1645988400000,38900.10,38953.00,37460.30,37574.70,41004.529,1645991999999,1566842265.14123,374265,17209.743,657979772.71100,0
1645992000000,37574.70,38300.00,37254.70,37947.10,35129.011,1645995599999,1326039625.59672,333520,18259.194,689537153.65169,0
1645995600000,37947.00,38021.60,36934.60,37385.60,37215.241,1645999199999,1392059774.87926,342943,17246.603,645203522.23471,0
1645999200000,37385.60,37867.10,37312.10,37784.90,13998.342,1646002799999,526761829.20903,156127,7004.241,263580350.34670,0
1646002800000,37784.90,37795.90,37325.00,37672.00,20502.002,1646006399999,769969071.40291,187388,9798.732,368025303.89213,0
1646006400000,37672.10,37777.00,37414.40,37548.20,13732.776,1646009999999,516123386.52092,122840,6654.564,250183192.22070,0
1646010000000,37548.20,38400.00,37548.20,37948.40,24605.731,1646013599999,936178805.53376,205483,13285.746,505388133.52399,0
1646013600000,37948.40,38079.20,37528.10,37747.50,14080.665,1646017199999,532271004.24027,127839,6796.672,256964232.24970,0
1646017200000,37747.40,37865.30,37624.40,37771.70,8975.752,1646020799999,338937710.98344,86003,4563.976,172372808.74153,0
1646020800000,37773.50,38029.50,37706.43,37791.80,9397.113,1646024399999,355717933.70546,89234,4767.582,180504213.88223,0
1646024400000,37789.00,37987.40,37711.40,37811.00,8202.894,1646027999999,310617550.12630,81440,4100.232,155278834.70133,0
1646028000000,37811.00,38134.40,37418.20,37959.90,23112.890,1646031599999,873301138.20594,213660,11428.432,432006238.01063,0
1646031600000,37960.00,38460.00,37861.30,38317.10,21485.380,1646035199999,820407632.23083,201521,11201.649,427818976.08505,0
1646035200000,38317.40,38666.60,38148.20,38279.00,19036.726,1646038799999,730578816.66515,185673,9473.838,363755782.56709,0
1646038800000,38279.00,38543.10,38075.00,38077.00,13608.043,1646042399999,521685519.63215,132422,6706.157,257189939.90886,0
1646042400000,38077.90,38441.50,38052.70,38352.60,10734.057,1646045999999,410767805.59235,115070,5727.722,219211780.52179,0
1646046000000,38352.60,38470.00,38104.80,38310.40,11009.479,1646049599999,421327749.92878,117818,5512.760,210990702.78630,0
1646049600000,38310.40,38632.60,38130.00,38257.40,20809.800,1646053199999,798774527.77987,200745,10477.052,402293945.71808,0
1646053200000,38256.20,38330.00,37891.00,37976.20,18334.235,1646056799999,698131170.80221,191476,8985.899,342202604.52927,0
1646056800000,37978.40,39884.70,37976.20,39793.50,68371.863,1646060399999,2672829505.91107,621332,38729.634,1513989156.84872,0
1646060400000,39793.50,40900.00,39563.10,40792.80,71205.627,1646063999999,2871038103.81609,661081,38955.469,1571133178.53725,0
1646064000000,40792.80,41305.30,40674.60,40987.10,59489.441,1646067599999,2439016582.46647,534181,30628.375,1256155795.07289,0
1646067600000,40987.20,41489.00,40723.70,41415.10,24627.477,1646071199999,1009579538.81040,244409,13791.989,565744441.52279,0
1646071200000,41415.10,41467.20,41012.60,41183.90,20827.427,1646074799999,858819236.08505,220212,10217.085,421349722.38595,0
1646074800000,41184.50,41384.20,41000.00,41306.40,13617.179,1646078399999,560777351.46857,145703,7204.130,296760397.57292,0
1646078400000,41306.50,41946.00,41220.70,41882.00,32715.289,1646081999999,1360870581.68219,321088,18138.897,754810134.30579,0
1646082000000,41882.00,41891.60,41480.00,41633.10,11379.912,1646085599999,473769662.18723,133113,5253.065,218704474.45309,0
1646085600000,41633.10,44341.00,41601.00,43020.60,67927.494,1646089199999,2936587067.75237,671343,37808.498,1633596301.78236,0
1646089200000,43029.90,43338.30,42842.80,43155.00,28103.911,1646092799999,1211692355.18749,270626,14658.522,632064962.15081,0
